Norway_009887.jpg,4 1617 1412 1997 1849
Norway_008185.jpg,
Norway_009408.jpg,
Norway_008792.jpg,2 1323 1770 1394 2035 2 1322 1116 1528 2029 2 853 1417 1010 1560 2 1435 1134 1539 1451 2 1327 1401 1463 2039
Norway_008853.jpg,
Norway_008340.jpg,4 1395 1373 1834 2041
Norway_009193.jpg,
Norway_008952.jpg,1 1516 1310 1597 1593
Norway_009758.jpg,
Norway_009732.jpg,1 271 1761 550 2037
Norway_009284.jpg,5 1496 1295 1578 1396 4 1486 1326 1763 2034 2 1524 1424 1570 1507 2 1514 1308 1580 1398 2 1497 1281 1563 1388 2 0 1410 534 1768 2 1576 1574 1624 1674 2 1185 1815 1313 2039 2 1500 1412 1577 1580 2 1549 1642 1700 2030
Norway_010011.jpg,
Norway_008845.jpg,
Norway_009713.jpg,
Norway_008938.jpg,
Norway_009730.jpg,
Norway_009577.jpg,
Norway_008647.jpg,
Norway_008513.jpg,
Norway_008717.jpg,
Norway_010187.jpg,
Norway_010074.jpg,
Norway_009007.jpg,1 0 1515 451 2011
Norway_009194.jpg,2 1882 1932 1922 2031
Norway_009346.jpg,
Norway_009219.jpg,
Norway_008968.jpg,
Norway_010021.jpg,
Norway_008405.jpg,
Norway_009091.jpg,
Norway_009120.jpg,
Norway_010095.jpg,
Norway_010137.jpg,
Norway_008832.jpg,
Norway_009929.jpg,
Norway_008889.jpg,
Norway_009584.jpg,2 1535 1467 1600 1584 2 1472 1208 1517 1289 2 1439 1243 1599 1574 2 1491 1706 1600 1866 4 1434 1259 1632 1644 4 1389 1675 1691 2012 2 1316 1543 1357 1774 2 1436 1369 1635 1636 2 1420 1700 1553 1934 2 192 1290 1156 2043 2 1423 1715 1482 1815 2 1534 1473 1623 1650 2 1566 1528 1626 1651 4 1363 1361 1743 2043 2 1540 1716 1577 1828 2 1458 1340 1526 1521 2 1577 1825 1668 2033 2 1448 1307 1500 1495 2 1320 1454 1381 1782
Norway_008285.jpg,
Norway_008347.jpg,
Norway_009982.jpg,
Norway_009955.jpg,
Norway_010125.jpg,
Norway_009280.jpg,
Norway_008211.jpg,
Norway_009454.jpg,1 1403 1281 1518 1458
Norway_008192.jpg,
Norway_008890.jpg,
Norway_009943.jpg,
Norway_008602.jpg,
Norway_008445.jpg,
Norway_009386.jpg,2 982 1268 1241 1494
Norway_009808.jpg,
Norway_010007.jpg,2 1089 1279 1287 1590
Norway_009031.jpg,1 1442 1418 1618 2026
Norway_010054.jpg,
Norway_008270.jpg,
Norway_009636.jpg,
Norway_008926.jpg,1 214 1505 701 2035
Norway_008365.jpg,
Norway_009320.jpg,
Norway_009600.jpg,
Norway_008512.jpg,
Norway_009789.jpg,
Norway_009361.jpg,1 1176 1867 1267 2035
Norway_009906.jpg,
Norway_009771.jpg,
Norway_008846.jpg,
Norway_009677.jpg,
Norway_008441.jpg,
Norway_008226.jpg,
Norway_010169.jpg,
Norway_009562.jpg,
Norway_009083.jpg,2 825 1476 1803 1610
Norway_009859.jpg,
Norway_009075.jpg,
Norway_009467.jpg,
Norway_008197.jpg,
Norway_009070.jpg,1 1725 1321 2110 2007
Norway_008813.jpg,2 1660 1889 1782 2040 2 1633 1645 1672 1836 2 1485 1255 1690 1621 2 1688 1604 1902 2020 2 1496 1266 1910 1991
Norway_009860.jpg,
Norway_008617.jpg,
Norway_009158.jpg,
Norway_009968.jpg,
Norway_009937.jpg,1 30 1329 611 1998
Norway_008893.jpg,
Norway_008431.jpg,
Norway_008931.jpg,
Norway_009324.jpg,
Norway_009038.jpg,
Norway_009121.jpg,1 280 1496 726 2035
Norway_008737.jpg,
Norway_008765.jpg,
Norway_008207.jpg,
Norway_008291.jpg,
Norway_008754.jpg,
Norway_009147.jpg,
Norway_008727.jpg,
Norway_009737.jpg,2 1229 1256 1371 1444 2 941 1343 1086 1473 2 648 1326 1086 1733 2 1705 1856 1785 2036 2 1651 1589 1762 1799 2 1215 1435 1289 1566 2 8 1582 573 1989 2 1033 1424 1306 1795 2 1331 1360 1378 1442 2 843 1432 1316 2040 2 1656 1580 1790 2036
Norway_009810.jpg,1 1342 1436 1470 2022
Norway_009116.jpg,1 919 1169 1047 1317
Norway_008205.jpg,
Norway_009886.jpg,
Norway_008248.jpg,
Norway_008724.jpg,1 0 1283 577 1961
Norway_009708.jpg,
Norway_009739.jpg,
Norway_009132.jpg,
Norway_008180.jpg,
Norway_008390.jpg,2 339 1723 716 2028 2 347 1410 987 2022
Norway_009924.jpg,2 426 1423 1038 2039
Norway_009123.jpg,
Norway_009029.jpg,
Norway_009127.jpg,
Norway_009525.jpg,
Norway_008474.jpg,2 417 1366 922 1854 2 962 1212 1045 1339 2 629 1358 925 1651
Norway_008904.jpg,1 1989 647 2149 1119
Norway_008833.jpg,
Norway_009206.jpg,
Norway_009977.jpg,
Norway_009335.jpg,
Norway_009907.jpg,2 1062 1421 1163 1567 2 1105 1361 1179 1469 2 1851 1574 1931 1762 2 1659 1239 1895 1543 2 763 1500 1156 1942 2 1220 1218 1371 1379
Norway_008989.jpg,
Norway_008729.jpg,4 1441 1346 1623 2032
Norway_008351.jpg,
Norway_009753.jpg,
Norway_008558.jpg,
Norway_008735.jpg,
Norway_009598.jpg,2 0 1890 381 2040 1 729 1296 1250 2028 1 1091 1258 1232 1617 1 712 1663 1011 2036
Norway_008221.jpg,2 1038 1312 1132 1413 2 1054 1185 1291 1397 2 701 1885 818 2043
Norway_010113.jpg,
Norway_009494.jpg,2 1365 1825 1436 2027 2 1527 1482 1763 1985 4 1278 1312 1815 2011
Norway_009586.jpg,1 1399 1338 1933 2016
Norway_009942.jpg,1 1669 1615 2142 2025
Norway_009533.jpg,
Norway_009447.jpg,
Norway_009656.jpg,
Norway_009261.jpg,
Norway_008471.jpg,
Norway_009434.jpg,2 1570 1334 1732 2041 2 1614 1320 1708 1591 2 1594 1745 1716 2035
Norway_009988.jpg,
Norway_008638.jpg,
Norway_008253.jpg,
Norway_009472.jpg,2 1465 1225 1590 1554 4 1446 1253 1655 1628 2 1462 1252 1527 1410 4 1445 1282 1815 2034
Norway_009925.jpg,1 489 1449 816 2012 1 1252 1474 1355 1689
Norway_008518.jpg,1 1301 1419 1459 2039
Norway_009812.jpg,
Norway_009311.jpg,
Norway_008715.jpg,
Norway_009979.jpg,
Norway_009422.jpg,
Norway_008392.jpg,
Norway_008331.jpg,
Norway_008645.jpg,
Norway_009401.jpg,2 810 1355 1042 1615 2 822 1420 966 1602 2 1551 1577 1591 1694 2 1546 1403 1694 1753 2 1545 1487 1639 1695 2 1543 1591 1574 1681 2 1639 1644 1696 1770
Norway_010179.jpg,
Norway_010032.jpg,
Norway_010138.jpg,
Norway_009916.jpg,
Norway_008697.jpg,
Norway_009763.jpg,
Norway_009792.jpg,
Norway_009411.jpg,2 1531 1497 1827 1916 2 1519 1603 1695 2041 2 153 1735 542 2024 2 1033 1795 1151 2037 2 1528 1750 1637 2037 2 1570 1546 1727 1760
Norway_008457.jpg,
Norway_008782.jpg,
Norway_009672.jpg,1 1456 1273 2230 2024
Norway_009760.jpg,
Norway_009986.jpg,
Norway_008456.jpg,
Norway_009574.jpg,
Norway_008613.jpg,
Norway_009559.jpg,
Norway_009350.jpg,2 1445 1324 1508 1433 2 1355 1473 1426 1589
Norway_010051.jpg,2 1530 1236 2043 2021
Norway_010148.jpg,1 14 1556 835 2037
Norway_009680.jpg,2 1957 1049 3923 1339
Norway_009150.jpg,
Norway_008982.jpg,
Norway_009508.jpg,1 1464 1397 1572 1573
Norway_008442.jpg,2 1303 1808 1337 1876 2 1329 1640 1365 1762 2 1437 1504 1536 1746 2 1473 1691 1644 1873 3 1497 1790 1843 1859 2 1311 1631 1373 1831 2 595 1859 756 2033 2 1411 1491 1499 1617 4 1269 1469 1801 1891 2 977 1343 1066 1463
Norway_009675.jpg,
Norway_010133.jpg,
Norway_009136.jpg,
Norway_008704.jpg,
Norway_009489.jpg,
Norway_009699.jpg,
Norway_009630.jpg,
Norway_008531.jpg,1 19 1433 656 2035
Norway_008259.jpg,
Norway_009397.jpg,
Norway_008718.jpg,
Norway_009339.jpg,
Norway_008935.jpg,
Norway_009226.jpg,
Norway_008856.jpg,
Norway_008587.jpg,
Norway_009349.jpg,1 160 1496 642 2023
Norway_009428.jpg,
Norway_008837.jpg,
Norway_008950.jpg,
Norway_008469.jpg,
Norway_009327.jpg,
Norway_009892.jpg,1 1453 1649 1708 2023
Norway_010088.jpg,
Norway_010195.jpg,
Norway_010057.jpg,
Norway_009920.jpg,
Norway_009557.jpg,1 3129 1526 3576 2031
Norway_009025.jpg,1 174 1436 859 1921
Norway_008747.jpg,1 1161 1264 1467 1681 1 988 1295 1120 1449 1 1143 1510 1280 1669
Norway_008601.jpg,
Norway_008452.jpg,1 1792 1503 2171 2018
Norway_008678.jpg,
Norway_008252.jpg,2 1087 1489 1220 1863
Norway_010196.jpg,
Norway_010198.jpg,
Norway_009978.jpg,
Norway_009516.jpg,2 9 1611 363 1706
Norway_009681.jpg,1 2011 1248 2623 1711
Norway_009674.jpg,
Norway_009296.jpg,
Norway_008409.jpg,1 1761 1333 2254 2025 1 1938 1601 2246 2024 1 1548 1634 1662 2021 1 984 1459 1123 1644
Norway_010155.jpg,
Norway_010045.jpg,4 1297 1294 1563 1555 2 1658 1676 1740 2041 2 1607 1515 1655 1648 2 1331 1329 1477 1509 2 1317 1391 1476 1830 2 1381 1353 1451 1458 2 1316 1546 1380 1836 2 1619 1490 1742 2025
Norway_009247.jpg,2 1249 1406 1322 1537 2 1282 1213 1329 1303 2 928 1538 1021 1974 2 1259 1434 1291 1525 2 1248 1365 1382 1530 2 25 1627 448 2033 2 843 1557 1024 2043
Norway_009615.jpg,2 1396 1288 1488 1735 2 1498 1160 1530 1253 2 1357 1593 1435 2027 2 1358 1383 1480 2033 2 927 1366 1257 2039
Norway_008382.jpg,
Norway_009049.jpg,
Norway_009564.jpg,
Norway_009064.jpg,
Norway_009359.jpg,2 1965 1788 2028 2025
Norway_008421.jpg,
Norway_009218.jpg,1 213 1332 832 2005
Norway_008532.jpg,
Norway_009720.jpg,
Norway_008961.jpg,1 1162 1466 1306 2031
Norway_008750.jpg,
Norway_008337.jpg,
Norway_008454.jpg,
Norway_009305.jpg,
Norway_008725.jpg,2 1777 1480 1882 1602 2 1778 1473 1935 1709 2 1517 1404 1617 1484 2 1784 1463 1958 2043
Norway_008166.jpg,1 717 1268 1039 2035
Norway_008355.jpg,
Norway_010030.jpg,1 1488 1405 1943 1990
Norway_009744.jpg,
Norway_008283.jpg,
Norway_010130.jpg,
Norway_009608.jpg,
Norway_009870.jpg,
Norway_009751.jpg,
Norway_009065.jpg,
Norway_008263.jpg,
Norway_008528.jpg,4 792 1460 1962 2043
Norway_009647.jpg,
Norway_008503.jpg,
Norway_008604.jpg,2 1097 1185 1229 1366 2 862 1601 1073 2023 2 1099 1257 1157 1358 2 1710 1447 1767 1552 2 1272 1605 1335 2033 2 868 1192 1277 2019 2 1480 1863 1583 2034 2 1666 1561 1957 1924
Norway_010161.jpg,
Norway_009723.jpg,1 1577 1368 2296 2028
Norway_008827.jpg,
Norway_008227.jpg,
Norway_008985.jpg,
Norway_009628.jpg,2 9 1409 618 1913
Norway_008901.jpg,
Norway_009106.jpg,
Norway_008490.jpg,2 1017 1355 1171 1523 2 1536 1278 1849 2013
Norway_008584.jpg,
Norway_009137.jpg,
Norway_008239.jpg,
Norway_009569.jpg,
Norway_009966.jpg,2 735 1690 1316 1813 3 1188 1322 1527 2008 1 1228 1390 1480 2024
Norway_008906.jpg,
Norway_008510.jpg,
Norway_008896.jpg,
Norway_008657.jpg,
Norway_009424.jpg,1 595 1615 962 2034 1 1315 1637 1433 2027 1 601 1411 1170 2017
Norway_008633.jpg,
Norway_009096.jpg,
Norway_009755.jpg,
Norway_010052.jpg,
Norway_009660.jpg,2 1775 1497 1815 1688 2 1761 1476 1869 1886
Norway_009721.jpg,
Norway_008842.jpg,4 1499 1332 1767 2022 2 1747 1646 1792 1738 2 1640 1792 1734 2026 2 1515 1289 1734 1993 2 1589 1543 1660 1808 2 1808 1785 1882 1916 2 1747 1624 1884 1917 2 1593 1576 1727 2010
Norway_009410.jpg,
Norway_009541.jpg,2 0 1539 404 1624 2 575 1482 1702 1627
Norway_009788.jpg,1 2223 1444 2838 2038
Norway_008585.jpg,1 192 1616 659 2017
Norway_009856.jpg,
Norway_008785.jpg,1 328 1392 1062 2027
Norway_010150.jpg,
Norway_009969.jpg,
Norway_010172.jpg,
Norway_009504.jpg,1 1169 1460 1338 2041
Norway_009040.jpg,
Norway_009371.jpg,
Norway_009980.jpg,2 1640 1949 1691 2040 2 1626 1893 1706 2044 2 1406 1455 1435 1541 2 1690 1850 1818 2039
Norway_008941.jpg,
Norway_008272.jpg,
Norway_009767.jpg,
Norway_009815.jpg,
Norway_009852.jpg,
Norway_009866.jpg,
Norway_009950.jpg,
Norway_009861.jpg,
Norway_008504.jpg,4 1750 1563 2029 2032 2 1748 1755 1822 2031 2 1816 1618 2015 2025
Norway_008866.jpg,
Norway_009303.jpg,
Norway_009798.jpg,1 636 1364 843 1584
Norway_008413.jpg,
Norway_008367.jpg,
Norway_010154.jpg,
Norway_009309.jpg,2 1410 1589 1521 1732 2 1090 1579 1540 1973 5 1469 1339 1592 1500 2 1113 1706 1341 1974 2 1526 1367 1577 1487 2 1619 1521 1653 1609 2 1346 1580 1536 1774 2 1101 1763 1254 1999
Norway_010108.jpg,
Norway_010020.jpg,
Norway_008169.jpg,
Norway_008892.jpg,
Norway_009820.jpg,1 304 1530 901 2031
Norway_008834.jpg,
Norway_010006.jpg,1 217 1639 715 2032
Norway_010034.jpg,
Norway_009566.jpg,2 1604 1316 2014 2036
Norway_008232.jpg,
Norway_009802.jpg,1 196 1503 881 2034
Norway_008812.jpg,
Norway_009573.jpg,
Norway_009281.jpg,
Norway_010009.jpg,
Norway_008199.jpg,
Norway_008241.jpg,1 2016 410 2354 1108 1 249 1332 821 2001 1 3477 231 3717 704
Norway_010015.jpg,
Norway_009874.jpg,
Norway_009242.jpg,
Norway_008393.jpg,
Norway_010127.jpg,
Norway_009343.jpg,
Norway_008450.jpg,
Norway_008198.jpg,
Norway_009105.jpg,1 0 1685 363 2016 2 1818 1422 2290 2011
Norway_010189.jpg,
Norway_008372.jpg,1 27 1392 731 2018
Norway_008751.jpg,
Norway_009543.jpg,
Norway_009898.jpg,
Norway_008646.jpg,
Norway_009506.jpg,4 1220 1378 1791 2040
Norway_010017.jpg,
Norway_008570.jpg,
Norway_009731.jpg,
Norway_009940.jpg,1 801 1239 1022 1433
Norway_008828.jpg,
Norway_009692.jpg,
Norway_009124.jpg,
Norway_009334.jpg,
Norway_009544.jpg,
Norway_009661.jpg,2 1312 1816 1365 2031
Norway_009118.jpg,1 17 1429 804 2017
Norway_008519.jpg,
Norway_009483.jpg,
Norway_009414.jpg,
Norway_008653.jpg,1 1371 1325 1630 1807 1 505 1581 877 2016
Norway_008218.jpg,2 2075 1871 2180 2034 4 1685 1374 2198 2031
Norway_009418.jpg,
Norway_010068.jpg,
Norway_009230.jpg,
Norway_009629.jpg,
Norway_008914.jpg,
Norway_009644.jpg,
Norway_009513.jpg,2 1944 1805 2058 2027 2 1838 1563 2069 2031
Norway_010013.jpg,1 1052 1294 1556 2019
Norway_009196.jpg,
Norway_008841.jpg,
Norway_008857.jpg,
Norway_008274.jpg,2 1332 1483 1441 1877
Norway_010183.jpg,
Norway_009770.jpg,
Norway_009288.jpg,
Norway_009272.jpg,
Norway_009148.jpg,
Norway_008444.jpg,
Norway_010022.jpg,2 639 1331 1504 1462
Norway_008362.jpg,
Norway_008990.jpg,2 1557 1369 1617 1540 2 1558 1343 1695 2011
Norway_009813.jpg,
Norway_008297.jpg,
Norway_008294.jpg,
Norway_010170.jpg,
Norway_008970.jpg,
Norway_009785.jpg,
Norway_008186.jpg,
Norway_009345.jpg,
Norway_008863.jpg,
Norway_009894.jpg,
Norway_009891.jpg,
Norway_009227.jpg,
Norway_009949.jpg,
Norway_009036.jpg,
Norway_008691.jpg,
Norway_008693.jpg,
Norway_009306.jpg,
Norway_009520.jpg,
Norway_009145.jpg,
Norway_008336.jpg,
Norway_010190.jpg,
Norway_009440.jpg,
Norway_010111.jpg,
Norway_009235.jpg,
Norway_009922.jpg,
Norway_008759.jpg,1 1237 1234 1542 2013
Norway_009183.jpg,
Norway_009742.jpg,
Norway_008971.jpg,2 1044 1352 1256 1696
Norway_010070.jpg,2 898 1367 1249 2041
Norway_009914.jpg,
Norway_008631.jpg,
Norway_009328.jpg,
Norway_009655.jpg,
Norway_010173.jpg,
Norway_010087.jpg,
Norway_009689.jpg,
Norway_009480.jpg,
Norway_009486.jpg,4 1492 1389 1937 2040
Norway_009234.jpg,
Norway_008957.jpg,
Norway_010122.jpg,
Norway_009259.jpg,
Norway_009917.jpg,2 1527 1287 1573 1363 2 1561 1827 1670 2038 2 415 1453 1010 2044
Norway_008246.jpg,
Norway_008171.jpg,
Norway_008909.jpg,2 179 1329 998 2031
Norway_009960.jpg,
Norway_008215.jpg,
Norway_009460.jpg,
Norway_008204.jpg,
Norway_009774.jpg,
Norway_009895.jpg,2 909 1303 1118 1543 2 1065 1769 1162 2031 4 1058 1321 1418 2043 2 1182 1447 1222 1515 2 1144 1233 1432 2035 2 1204 1782 1290 2039 2 352 1271 1141 2018 2 1063 1701 1248 2034 2 1202 1557 1349 2043
Norway_009807.jpg,
Norway_009918.jpg,
Norway_008395.jpg,
Norway_008943.jpg,
Norway_010115.jpg,2 1650 1375 1812 1683 2 1651 1378 1979 2043
Norway_008230.jpg,
Norway_008403.jpg,
Norway_008446.jpg,
Norway_009671.jpg,1 1201 1151 1261 1388
Norway_008781.jpg,
Norway_008224.jpg,
Norway_009487.jpg,
Norway_008783.jpg,
Norway_008424.jpg,
Norway_008734.jpg,
Norway_008791.jpg,
Norway_009633.jpg,
Norway_008850.jpg,
Norway_009846.jpg,
Norway_008921.jpg,
Norway_010072.jpg,2 1300 278 2019 557 2 52 1505 813 2044 1 29 1517 794 2039 2 1311 1859 1355 2039 4 1288 1345 1648 2023
Norway_009179.jpg,
Norway_009041.jpg,1 66 1279 821 2014
Norway_008884.jpg,
Norway_009727.jpg,1 1214 1267 1375 2009
Norway_009722.jpg,
Norway_009056.jpg,2 1441 1483 1483 1580
Norway_008276.jpg,
Norway_009670.jpg,
Norway_008181.jpg,
Norway_009497.jpg,
Norway_009927.jpg,
Norway_008959.jpg,
Norway_008448.jpg,1 310 1452 613 1769 1 22 1433 614 2035
Norway_008298.jpg,
Norway_008339.jpg,
Norway_009354.jpg,
Norway_008319.jpg,
Norway_009088.jpg,
Norway_009605.jpg,
Norway_009387.jpg,
Norway_009666.jpg,2 1408 1059 1485 1336 2 1556 1258 1639 1447 2 1423 1410 1475 1844 3 1811 1896 2236 2030 2 1640 1620 1783 2022 2 1599 1383 1650 1457 2 1580 1459 1665 1801 2 1405 1440 1489 2018 2 1562 1429 1787 1999 2 1438 1247 1494 1350 2 1563 1461 1646 1627 2 897 1433 984 1539 2 1517 1153 1648 1463 2 1422 1167 1496 1347 2 1402 1727 1467 2015 2 1585 1325 1642 1450
Norway_009824.jpg,2 999 1642 1893 1770
Norway_008545.jpg,
Norway_010149.jpg,
Norway_008905.jpg,
Norway_010159.jpg,
Norway_008713.jpg,
Norway_010119.jpg,
Norway_008190.jpg,
Norway_009877.jpg,1 537 1365 1022 1952
Norway_008281.jpg,3 405 1295 1465 2035
Norway_009826.jpg,1 1536 1690 1672 1867
Norway_008538.jpg,
Norway_010090.jpg,2 1540 1269 1925 2020
Norway_010082.jpg,
Norway_009271.jpg,
Norway_008586.jpg,
Norway_008918.jpg,
Norway_009356.jpg,
Norway_008470.jpg,
Norway_009010.jpg,2 859 1342 941 1433 2 629 1289 715 1371 2 250 1308 596 1507 2 425 1314 581 1425 2 369 1645 636 1916 2 611 1332 751 1503 2 863 1290 997 1430 2 168 1671 629 2030
Norway_009579.jpg,
Norway_010081.jpg,
Norway_008988.jpg,2 1523 1758 1602 2037 2 1419 1256 1538 1464 2 993 1375 1090 1523 2 1338 1455 1406 1827 4 1341 1272 1648 2033 2 1571 1372 1691 1512 2 1601 1479 1789 1684 2 1089 1238 1303 1594 2 1451 1269 1574 1788 2 1476 1323 1544 1516 2 1428 1247 1616 2041 2 1320 1772 1380 2028 2 829 1216 1302 2033 2 985 1211 1266 1524 2 1611 1488 1691 1633 2 1409 1273 1447 1426 2 1571 1339 1787 1634 2 1481 1590 1612 2038 2 1331 1392 1430 2040
Norway_009353.jpg,1 1650 1636 1784 2032 2 1652 1638 1777 2036
Norway_009457.jpg,
Norway_008183.jpg,
Norway_009733.jpg,
Norway_009023.jpg,
Norway_009786.jpg,
Norway_009253.jpg,
Norway_008261.jpg,
Norway_009155.jpg,1 2054 1535 2707 2012
Norway_008934.jpg,
Norway_008497.jpg,
Norway_009342.jpg,
Norway_010049.jpg,
Norway_009197.jpg,1 484 1773 762 2027
Norway_008234.jpg,1 1411 1499 1831 2017
Norway_008438.jpg,
Norway_009609.jpg,
Norway_009502.jpg,
Norway_009682.jpg,
Norway_009200.jpg,1 1467 1272 1972 1774
Norway_008568.jpg,
Norway_009160.jpg,
Norway_008229.jpg,
Norway_009168.jpg,
Norway_009475.jpg,
Norway_010053.jpg,
Norway_009443.jpg,
Norway_009377.jpg,
Norway_008903.jpg,
Norway_009140.jpg,
Norway_009055.jpg,
Norway_008541.jpg,
Norway_008170.jpg,
Norway_008537.jpg,
Norway_008547.jpg,
Norway_008591.jpg,
Norway_008787.jpg,
Norway_009491.jpg,1 1526 1274 2612 2025
Norway_008777.jpg,1 0 1270 678 1990
Norway_009363.jpg,2 124 1588 888 1714
Norway_008552.jpg,2 1731 1474 1825 1642 2 1330 1400 1418 1626 2 1070 1555 1314 1822 2 1318 1349 1382 1477 2 1318 1337 1408 1556 2 1357 1476 1417 1621 2 884 1560 1326 2029
Norway_008683.jpg,
Norway_009888.jpg,
Norway_008443.jpg,1 446 1287 872 2013
Norway_009138.jpg,
Norway_009765.jpg,
Norway_008559.jpg,2 165 1492 793 2043
Norway_008608.jpg,
Norway_009766.jpg,
Norway_010116.jpg,
Norway_009556.jpg,
Norway_009507.jpg,1 1661 1364 2418 2021
Norway_008397.jpg,
Norway_008459.jpg,
Norway_008335.jpg,
Norway_008364.jpg,
Norway_009534.jpg,
Norway_009405.jpg,
Norway_008388.jpg,2 1168 1299 1437 1741 2 662 1272 1105 1830 2 3 1656 519 2040 2 646 1560 864 1853
Norway_009499.jpg,
Norway_009835.jpg,
Norway_009547.jpg,1 34 1530 576 1995
Norway_008702.jpg,
Norway_009555.jpg,
Norway_009225.jpg,
Norway_008363.jpg,
Norway_009701.jpg,2 1440 1728 1535 2031 2 1491 1752 1528 1855 2 1145 1677 1210 1819 2 1423 1856 1520 2044 2 478 1572 752 2037
Norway_008879.jpg,
Norway_009841.jpg,
Norway_010093.jpg,
Norway_009119.jpg,1 1086 1278 1253 1569 1 1143 1489 1277 2041
Norway_009625.jpg,2 503 1514 1007 1826 3 1233 1640 2291 1948 3 1250 1591 1723 1865
Norway_009058.jpg,
Norway_008328.jpg,1 534 1647 787 1985 1 732 1664 954 2031
Norway_009300.jpg,
Norway_008486.jpg,
Norway_010071.jpg,
Norway_009944.jpg,
Norway_010085.jpg,
Norway_009724.jpg,
Norway_010162.jpg,
Norway_008555.jpg,1 1505 0 2077 730
Norway_008755.jpg,
Norway_010089.jpg,
Norway_009297.jpg,1 287 1343 862 2003
Norway_009100.jpg,
Norway_009211.jpg,
Norway_008814.jpg,
Norway_009223.jpg,
Norway_009749.jpg,
Norway_009398.jpg,
Norway_009366.jpg,
Norway_008786.jpg,2 1520 1370 1671 1627
Norway_009571.jpg,
Norway_008881.jpg,2 251 1551 806 2039
Norway_009042.jpg,
Norway_008607.jpg,
Norway_008951.jpg,
Norway_009552.jpg,
Norway_009033.jpg,
Norway_008563.jpg,2 1794 1441 2022 2033 4 1659 1375 2049 2043 2 1620 1372 1706 1498
Norway_009282.jpg,
Norway_010177.jpg,2 1378 1421 1424 1501 2 1080 1490 1175 1641 2 0 1758 287 1992 5 1427 1839 1536 2008 2 1500 1278 1543 1404 2 1086 1470 1267 1820 2 1072 1671 1159 1825 2 1451 1387 1481 1473 2 331 1501 642 1764 2 1201 1527 1243 1636 2 1444 1321 1507 1471 2 582 1729 905 2040 2 1502 1320 1550 1440 2 1081 1552 1191 1832 2 0 1463 653 2021
Norway_008379.jpg,1 1023 1343 1263 1800
Norway_008788.jpg,
Norway_010094.jpg,
Norway_008299.jpg,2 19 1486 474 1751 2 39 1257 882 1761
Norway_009915.jpg,
Norway_009032.jpg,
Norway_008279.jpg,
Norway_008310.jpg,
Norway_008368.jpg,
Norway_008228.jpg,
Norway_008447.jpg,2 1695 1556 1835 1963
Norway_008612.jpg,2 575 1261 1137 1771
Norway_009389.jpg,
Norway_008188.jpg,
Norway_008642.jpg,
Norway_008334.jpg,
Norway_008292.jpg,2 1448 1140 1536 1314
Norway_009735.jpg,1 44 1556 693 2009
Norway_008289.jpg,
Norway_008222.jpg,2 748 1514 1039 1904
Norway_009084.jpg,1 641 1358 884 1681
Norway_009430.jpg,
Norway_008583.jpg,
Norway_009167.jpg,
Norway_010033.jpg,
Norway_008194.jpg,
Norway_009080.jpg,
Norway_009344.jpg,1 677 1176 952 1478
Norway_008577.jpg,
Norway_008936.jpg,
Norway_008848.jpg,
Norway_009780.jpg,1 2563 688 2811 1057
Norway_008556.jpg,1 317 1330 869 2021
Norway_008839.jpg,
Norway_008499.jpg,
Norway_009695.jpg,
Norway_009046.jpg,
Norway_008375.jpg,
Norway_010124.jpg,3 802 1346 1641 1453
Norway_009099.jpg,2 1835 1466 2381 1998
Norway_009719.jpg,
Norway_009495.jpg,
Norway_010099.jpg,2 1096 1492 1689 1668
Norway_008404.jpg,1 1013 1277 1326 2023
Norway_008175.jpg,
Norway_009934.jpg,
Norway_008374.jpg,
Norway_009357.jpg,
Norway_010065.jpg,
Norway_009592.jpg,
Norway_008182.jpg,
Norway_009582.jpg,1 16 1183 915 2010
Norway_008654.jpg,
Norway_009560.jpg,
Norway_008998.jpg,
Norway_009431.jpg,
Norway_008960.jpg,
Norway_008237.jpg,
Norway_008768.jpg,
Norway_008324.jpg,
Norway_009393.jpg,1 331 1772 595 2025 1 10 1260 592 1586
Norway_008301.jpg,
Norway_009694.jpg,1 261 1442 772 2032
Norway_009998.jpg,
Norway_009185.jpg,
Norway_009948.jpg,
Norway_010139.jpg,2 997 1180 1286 1459 2 1651 1676 1791 2028
Norway_009441.jpg,
Norway_009853.jpg,
Norway_009407.jpg,
Norway_009587.jpg,
Norway_010175.jpg,
Norway_009910.jpg,
Norway_008824.jpg,
Norway_009315.jpg,
Norway_008818.jpg,
Norway_009814.jpg,
Norway_008581.jpg,
Norway_009554.jpg,
Norway_008871.jpg,
Norway_008680.jpg,
Norway_009539.jpg,
Norway_009526.jpg,
Norway_008819.jpg,
Norway_009546.jpg,
Norway_009078.jpg,
Norway_009274.jpg,
Norway_008260.jpg,
Norway_009837.jpg,
Norway_008716.jpg,
Norway_008506.jpg,
Norway_008872.jpg,
Norway_009090.jpg,
Norway_008740.jpg,
Norway_008251.jpg,
Norway_009865.jpg,
Norway_009314.jpg,
Norway_010140.jpg,
Norway_008238.jpg,
Norway_008201.jpg,
Norway_008776.jpg,2 1031 1356 1137 1513 2 1679 1467 2099 2025 2 724 1338 1161 1948
Norway_008976.jpg,
Norway_008757.jpg,
Norway_008875.jpg,
Norway_008779.jpg,
Norway_008206.jpg,
Norway_010151.jpg,
Norway_010026.jpg,
Norway_009149.jpg,2 621 1537 1503 1705 2 590 1505 2034 1755
Norway_010047.jpg,
Norway_009618.jpg,
Norway_008496.jpg,1 1448 1495 1621 2024
Norway_008925.jpg,
Norway_010063.jpg,
Norway_010035.jpg,
Norway_010073.jpg,2 0 1462 362 1698
Norway_009985.jpg,
Norway_009222.jpg,
Norway_008309.jpg,
Norway_009035.jpg,2 14 1429 488 1802
Norway_010171.jpg,2 1765 1768 1839 1885 2 1756 1765 1887 1956 2 641 1698 746 1798 2 1823 1893 1945 2039 2 1748 1767 1962 2038
Norway_009902.jpg,
Norway_008805.jpg,
Norway_009691.jpg,
Norway_009783.jpg,
Norway_008700.jpg,
Norway_009134.jpg,
Norway_009638.jpg,
Norway_009538.jpg,
Norway_008942.jpg,
Norway_010118.jpg,1 1349 1641 1879 2023 1 2414 1568 2691 2026 1 560 1672 713 2035
Norway_010200.jpg,
Norway_008956.jpg,
Norway_009610.jpg,
Norway_010091.jpg,
Norway_009050.jpg,
Norway_009382.jpg,
Norway_008275.jpg,
Norway_010135.jpg,1 384 1314 903 1990
Norway_008798.jpg,
Norway_008810.jpg,
Norway_009740.jpg,
Norway_009848.jpg,1 7 1448 556 1953
Norway_009190.jpg,
Norway_010064.jpg,1 958 1562 1215 2035
Norway_008797.jpg,
Norway_009391.jpg,
Norway_010197.jpg,
Norway_008692.jpg,
Norway_009456.jpg,1 933 1396 1159 2031
Norway_008430.jpg,
Norway_008800.jpg,
Norway_008865.jpg,
Norway_009369.jpg,
Norway_009184.jpg,
Norway_009482.jpg,
Norway_008643.jpg,
Norway_008425.jpg,
Norway_010194.jpg,3 1249 1575 1845 1832 3 1335 1644 1819 1780 2 1263 1424 1340 1841 2 1267 1424 1315 1672 2 1265 1413 1455 2044
Norway_008423.jpg,2 1661 1425 1986 2041
Norway_009107.jpg,3 919 1498 1923 1789 2 1547 1292 1787 1738
Norway_009912.jpg,
Norway_008535.jpg,2 1701 1563 1917 2041
Norway_008897.jpg,
Norway_008440.jpg,2 1353 1270 1391 1343 2 1131 1322 1365 1651 2 1272 1249 1400 1485 2 1279 1348 1338 1474 2 1120 1537 1245 1648
Norway_008979.jpg,
Norway_008514.jpg,
Norway_008356.jpg,
Norway_008477.jpg,
Norway_009416.jpg,
Norway_009568.jpg,2 1717 1489 1766 1574 2 1965 1799 2105 2042 2 1704 1611 1855 2039 2 1734 1427 1862 1658 2 1663 1484 1757 1725 2 1620 1292 1700 1494 2 1925 1694 2015 1839 2 1852 1730 1978 2020 4 1811 1617 2284 2025 2 1739 1784 1842 2033 2 1714 1427 1811 1550 2 1540 1325 1603 1442 2 1915 1678 1980 1781 2 1904 1651 2092 2024 2 1655 1462 1798 1821 2 2148 1859 2279 2033 4 1605 1403 1905 2044 2 1536 1584 1852 2023 2 2066 1777 2289 2030 2 1597 1269 1680 1416 2 1533 1604 1707 1840 2 1545 1314 1573 1417 4 1498 1386 2248 2040
Norway_008300.jpg,
Norway_008575.jpg,2 3360 1112 3400 1195
Norway_008930.jpg,2 1137 1574 1788 1717
Norway_008338.jpg,
Norway_008766.jpg,
Norway_008851.jpg,
Norway_009637.jpg,
Norway_008623.jpg,
Norway_008286.jpg,
Norway_008870.jpg,
Norway_008669.jpg,
Norway_009992.jpg,
Norway_009951.jpg,
Norway_008277.jpg,
Norway_009908.jpg,
Norway_009069.jpg,1 235 1631 645 2020
Norway_008264.jpg,
Norway_008187.jpg,
Norway_009700.jpg,
Norway_008885.jpg,
Norway_008354.jpg,
Norway_009449.jpg,
Norway_009601.jpg,
Norway_009477.jpg,
Norway_009775.jpg,2 1650 1676 1724 1925 2 1561 1316 1678 1704 3 1388 1522 1635 1597 4 1506 1266 1936 2036 2 1594 1340 1717 1942 2 1554 1277 1588 1444 2 1409 1468 1454 1565 2 1725 1277 1811 1427 2 1872 1859 1967 2033 2 1551 1152 1603 1457 2 1629 1465 1706 1893 2 1691 1346 1720 1448
Norway_008360.jpg,
Norway_008753.jpg,1 1734 1853 1856 2036 1 1279 1389 1418 2032
Norway_009790.jpg,
Norway_008609.jpg,
Norway_008641.jpg,2 1659 1717 1782 2038 4 1521 1422 1849 2024
Norway_008915.jpg,
Norway_009828.jpg,2 1108 1284 1256 1463
Norway_008628.jpg,
Norway_008987.jpg,
Norway_008668.jpg,
Norway_009027.jpg,
Norway_008685.jpg,
Norway_009863.jpg,
Norway_009165.jpg,2 1599 1410 1733 1698
Norway_009470.jpg,
Norway_009725.jpg,1 694 1762 1009 2024 1 646 1522 1021 2040
Norway_008318.jpg,
Norway_009492.jpg,2 804 1316 955 1429
Norway_009961.jpg,
Norway_009413.jpg,1 1463 1243 1703 1635
Norway_009073.jpg,
Norway_008384.jpg,2 2706 891 2740 995 4 2330 470 2999 1025 2 1608 1238 1665 1421 2 1575 1176 1666 1430
Norway_008799.jpg,
Norway_009395.jpg,1 202 1329 929 1993
Norway_008843.jpg,
Norway_010028.jpg,
Norway_008383.jpg,2 1316 1513 1480 1957 2 1002 1523 1138 1671 2 1713 1456 1753 1541 2 248 1762 532 1984 2 1594 1117 1651 1308 2 1728 1177 1785 1329 2 1007 1402 1217 1704 4 1288 1536 1537 2037 2 1331 1534 1482 1733 2 1672 1705 1706 1796 2 1316 1765 1445 2036 2 1341 1397 1416 1530 2 1501 1214 1564 1385 2 1739 1890 1799 2036 2 1262 1319 1355 1412 2 1835 1792 1931 2037 4 1296 1254 1897 2040
Norway_009512.jpg,
Norway_010163.jpg,
Norway_010000.jpg,
Norway_008485.jpg,
Norway_008911.jpg,
Norway_008366.jpg,
Norway_008667.jpg,
Norway_010046.jpg,
Norway_009705.jpg,2 234 1640 1602 1852 1 1394 1261 1931 1993
Norway_009130.jpg,
Norway_008869.jpg,
Norway_010131.jpg,
Norway_008730.jpg,2 1540 1201 1709 1502 2 1448 1440 1610 1926 2 1458 1659 1646 2035 2 1534 1841 1640 2032 2 1448 1205 1504 1442 2 1536 1206 1621 1324 3 0 1722 1502 1938 2 1438 1222 1523 1795 2 2002 1809 2102 2026 2 1626 1390 1703 1493 2 1432 1203 1645 2036
Norway_009245.jpg,
Norway_009205.jpg,
Norway_008381.jpg,
Norway_009991.jpg,
Norway_010182.jpg,
Norway_009385.jpg,
Norway_008553.jpg,2 3157 981 4020 1223
Norway_008460.jpg,
Norway_009787.jpg,2 1066 1437 1208 1569 2 1469 1273 1537 1606 2 854 1646 1135 2034
Norway_009829.jpg,2 1603 1434 1765 2037 2 1532 1210 1597 1531
Norway_008200.jpg,
Norway_008433.jpg,
Norway_008394.jpg,
Norway_008840.jpg,
Norway_008705.jpg,
Norway_009652.jpg,
Norway_008912.jpg,
Norway_008610.jpg,3 170 1492 1056 2041
Norway_009471.jpg,
Norway_009838.jpg,
Norway_009260.jpg,2 1647 1359 1732 1730 2 1676 1487 1718 1710 2 687 1551 974 1889
Norway_008370.jpg,
Norway_008307.jpg,
Norway_009648.jpg,
Norway_009415.jpg,
Norway_009653.jpg,
Norway_009855.jpg,
Norway_008316.jpg,
Norway_009823.jpg,3 1290 1399 2052 2034 1 1285 1601 1897 2039
Norway_008690.jpg,
Norway_009668.jpg,
Norway_009984.jpg,2 5 1341 892 1922
Norway_008191.jpg,
Norway_009913.jpg,2 1463 1601 1625 2040
Norway_008883.jpg,2 10 1376 652 1918
Norway_008488.jpg,2 1003 1533 1225 1953 2 1456 1290 1580 1840 2 1012 1343 1328 1925 2 1190 1295 1338 1604 2 1378 1200 1438 1283 2 1208 1282 1348 1436 2 1477 1291 1588 1590 2 1209 1436 1295 1590
Norway_008434.jpg,
Norway_009126.jpg,1 1537 1506 1708 2027
Norway_009301.jpg,
Norway_009400.jpg,
Norway_008672.jpg,1 251 1563 676 2023
Norway_010117.jpg,
Norway_008689.jpg,
Norway_009419.jpg,
Norway_009649.jpg,
Norway_008663.jpg,3 691 1674 1397 1782 2 1169 1441 1246 1631 2 1379 1714 1485 2036 2 1389 1864 1443 2038 2 1382 1479 1471 1667 2 1176 1299 1331 1621 2 847 1871 1023 2039
Norway_009764.jpg,
Norway_009736.jpg,
Norway_009529.jpg,4 1459 1414 1678 2035 2 1830 1774 2033 2027 2 1497 1245 1571 1405 2 1708 1687 1813 2026 2 1504 1615 1604 1843 2 1116 1372 1295 1518 2 1505 1610 1641 2031 2 1548 1840 1642 2037 2 1214 1389 1309 1500 2 1736 1802 1802 2027 4 1418 1329 1871 2039
Norway_009125.jpg,
Norway_009290.jpg,
Norway_008243.jpg,
Norway_009202.jpg,
Norway_008811.jpg,
Norway_008543.jpg,1 1816 1333 2687 1980
Norway_009710.jpg,
Norway_009933.jpg,
Norway_008804.jpg,2 1492 1540 1654 2030
Norway_008720.jpg,
Norway_008899.jpg,1 1780 1511 2142 2028
Norway_009030.jpg,
Norway_009651.jpg,
Norway_009249.jpg,2 1608 1383 1705 1545 1 1610 1379 1712 1552 2 235 1342 994 1970
Norway_008429.jpg,
Norway_008231.jpg,2 1638 1247 1815 1766 2 1652 1287 1917 2026
Norway_008167.jpg,
Norway_010019.jpg,
Norway_009104.jpg,
Norway_009265.jpg,
Norway_009524.jpg,
Norway_008398.jpg,
Norway_010123.jpg,1 1515 1493 1739 2015 3 1273 1334 1809 2006
Norway_009602.jpg,
Norway_008594.jpg,
Norway_009718.jpg,
Norway_008996.jpg,1 87 1627 508 2024
Norway_009406.jpg,
Norway_009777.jpg,
Norway_008236.jpg,2 1058 1309 1206 1439
Norway_008352.jpg,
Norway_009778.jpg,2 1033 1406 1209 1711 2 794 1709 952 2037
Norway_008676.jpg,
Norway_010145.jpg,
Norway_008468.jpg,2 1276 1399 1469 2041
Norway_008969.jpg,
Norway_009485.jpg,
Norway_010109.jpg,
Norway_009098.jpg,1 1416 1245 2129 2020 1 1470 1787 1577 2023
Norway_009201.jpg,
Norway_009212.jpg,
Norway_009060.jpg,2 1588 1673 1722 2041 2 1506 1191 1663 1719 2 1497 1230 1725 2031
Norway_009779.jpg,
Norway_008794.jpg,2 456 1229 1185 1968
Norway_008852.jpg,
Norway_008923.jpg,
Norway_009761.jpg,
Norway_008701.jpg,
Norway_008859.jpg,1 1588 1260 2142 2027
Norway_009642.jpg,2 533 1432 1090 2032
Norway_009081.jpg,
Norway_009250.jpg,
Norway_009553.jpg,
Norway_009954.jpg,
Norway_009452.jpg,
Norway_010102.jpg,
Norway_009941.jpg,2 1856 1648 2095 2041 2 0 1344 949 2021 2 1391 1660 1621 2038 2 0 1495 551 2027
Norway_008562.jpg,2 1542 1394 1735 2028 2 1664 1373 1758 1557 2 1609 1601 1732 2037
Norway_008664.jpg,
Norway_009285.jpg,
Norway_008878.jpg,
Norway_010104.jpg,1 1422 1257 2276 2011
Norway_008807.jpg,
Norway_010044.jpg,
Norway_009169.jpg,1 19 1351 635 1738
Norway_008994.jpg,
Norway_010031.jpg,1 2 1266 828 1967
Norway_008756.jpg,
Norway_009528.jpg,4 1373 1343 1696 1997
Norway_010136.jpg,3 1318 1435 1779 1978 1 1349 1422 1732 1975
Norway_009796.jpg,
Norway_008695.jpg,1 2089 1404 3068 2024
Norway_008245.jpg,
Norway_010158.jpg,2 1683 1912 1737 2040 2 1605 1326 1642 1397 2 1539 1868 1582 1976 2 780 1888 937 2030 2 1508 1861 1583 2023 2 1692 1768 1758 1896 2 1533 1415 1615 1611 2 1680 1766 1771 2040
Norway_009164.jpg,
Norway_009177.jpg,
Norway_009909.jpg,
Norway_008479.jpg,2 1516 1296 1616 1607 2 1060 1516 1196 1658 2 1512 1264 1666 1741 2 1587 1594 1750 2044 2 1513 1253 1758 2044 2 1064 1216 1419 1661
Norway_009236.jpg,
Norway_009063.jpg,
Norway_009026.jpg,
Norway_008511.jpg,
Norway_009459.jpg,
Norway_009052.jpg,
Norway_009797.jpg,
Norway_009919.jpg,1 1335 1347 1477 1561 1 1516 1293 2349 2018
Norway_009044.jpg,
Norway_009077.jpg,
Norway_008176.jpg,
Norway_008508.jpg,
Norway_008571.jpg,
Norway_008515.jpg,
Norway_008652.jpg,
Norway_009316.jpg,1 0 1207 745 1977
Norway_008582.jpg,3 828 1442 1749 1553 2 1031 1239 1140 1345 2 806 1309 967 1503
Norway_009066.jpg,
Norway_010029.jpg,
Norway_009500.jpg,
Norway_009990.jpg,
Norway_009501.jpg,4 1493 1379 1812 2025 2 270 1412 967 2041
Norway_009693.jpg,
Norway_008823.jpg,
Norway_008389.jpg,1 1457 1247 2268 2033
Norway_008953.jpg,
Norway_010160.jpg,1 1746 1469 2510 2034
Norway_009781.jpg,
Norway_009220.jpg,
Norway_009319.jpg,
Norway_009001.jpg,
Norway_008954.jpg,
Norway_009453.jpg,
Norway_008648.jpg,
Norway_008592.jpg,
Norway_009404.jpg,
Norway_008493.jpg,1 1015 1345 1460 2040
Norway_009332.jpg,
Norway_009607.jpg,
Norway_008835.jpg,
Norway_008323.jpg,
Norway_009438.jpg,1 1481 1762 1572 1947
Norway_009641.jpg,2 1516 1174 1564 1338 2 598 1684 888 2035 2 591 1323 1180 2009
Norway_008427.jpg,
Norway_009048.jpg,
Norway_009545.jpg,
Norway_008760.jpg,
Norway_010106.jpg,
Norway_009839.jpg,1 1459 1441 1614 1620
Norway_008407.jpg,
Norway_009057.jpg,
Norway_008749.jpg,
Norway_008929.jpg,
Norway_009620.jpg,2 3273 1516 3307 1678
Norway_008311.jpg,1 1834 1445 2553 2035
Norway_009254.jpg,
Norway_008916.jpg,
Norway_010185.jpg,
Norway_009611.jpg,1 1950 1379 2787 2010
Norway_008475.jpg,
Norway_009762.jpg,
Norway_009203.jpg,
Norway_008163.jpg,2 1345 1506 1400 1758 2 1329 1244 1387 1364 2 1341 1512 1424 2019 2 1453 1333 1524 1515 4 1244 1464 1813 2031
Norway_010141.jpg,
Norway_008573.jpg,
Norway_009935.jpg,1 755 1497 1120 2015
Norway_009248.jpg,2 850 1862 2030 2015
Norway_008225.jpg,
Norway_009232.jpg,2 249 1654 728 2040 2 1392 1331 1580 1632 2 1748 1733 1850 2041
Norway_010165.jpg,1 1011 1209 1162 1715 1 955 1264 1154 2019
Norway_009522.jpg,
Norway_008940.jpg,
Norway_009372.jpg,1 1584 1313 1866 2024
Norway_008173.jpg,1 1333 1454 1618 2021 3 1235 1287 1972 2023
Norway_008223.jpg,
Norway_009993.jpg,
Norway_009757.jpg,3 488 1678 1630 1798 2 629 1306 1097 1745 2 632 1540 852 1742 2 278 1820 516 2036 2 1104 1460 1211 1617
Norway_008273.jpg,
Norway_008900.jpg,
Norway_008816.jpg,
Norway_008966.jpg,
Norway_009881.jpg,1 1486 1334 2167 2028
Norway_009095.jpg,
Norway_008902.jpg,
Norway_009429.jpg,
Norway_009596.jpg,1 0 1442 913 2041
Norway_008714.jpg,
Norway_008732.jpg,
Norway_009617.jpg,
Norway_008530.jpg,2 1032 1752 1564 1872
Norway_009079.jpg,
Norway_009843.jpg,
Norway_009018.jpg,
Norway_009329.jpg,
Norway_009817.jpg,
Norway_009565.jpg,
Norway_009302.jpg,
Norway_009330.jpg,
Norway_008534.jpg,1 1624 1325 1957 2041 2 1679 1427 1943 2034
Norway_009161.jpg,1 1467 1312 2287 2018 1 184 1468 731 2012
Norway_009673.jpg,2 511 1775 1379 1900 2 555 1698 2021 1906
Norway_008495.jpg,
Norway_009286.jpg,1 1778 22 2026 460
Norway_009072.jpg,
Norway_008476.jpg,4 1260 1384 1814 2022
Norway_008216.jpg,
Norway_008565.jpg,1 454 1403 734 1812
Norway_008660.jpg,
Norway_009585.jpg,
Norway_009535.jpg,1 656 1563 1083 2041 1 1795 1393 2364 2025
Norway_008484.jpg,2 644 1905 782 2033 2 1573 1667 1681 1843 2 1448 1401 1669 1848 2 1434 1422 1539 1678 2 969 1543 1081 1708
Norway_009465.jpg,4 1266 1674 1787 2019 2 1496 1203 1536 1353 2 1698 1356 2093 2006 2 387 1413 1048 2043 3 1066 1859 1627 2022 2 1327 1325 1379 1453 2 1505 1205 1693 1898 4 1467 1262 1769 2010 2 1496 1190 1595 1644
Norway_010043.jpg,
Norway_010014.jpg,
Norway_009367.jpg,
Norway_009752.jpg,
Norway_009144.jpg,4 883 1438 1416 2038
Norway_008278.jpg,
Norway_009971.jpg,
Norway_008256.jpg,
Norway_008993.jpg,
Norway_010078.jpg,2 388 1484 890 2006
Norway_009255.jpg,
Norway_008821.jpg,
Norway_008658.jpg,
Norway_009257.jpg,
Norway_009517.jpg,
Norway_009114.jpg,2 0 1819 285 1901
Norway_008346.jpg,3 1314 1266 1662 2037 1 288 1347 905 2028 1 1336 1271 1600 2033
Norway_009627.jpg,
Norway_009216.jpg,
Norway_009594.jpg,
Norway_008618.jpg,1 776 1204 1102 1993 1 0 1184 707 1968 1 920 1257 1072 1746
Norway_009756.jpg,
Norway_008288.jpg,2 530 1462 1294 1592
Norway_009650.jpg,
Norway_008679.jpg,
Norway_008650.jpg,2 1466 1338 1534 1644 2 1643 1492 1762 1936 2 1479 1214 1518 1315 2 1467 1221 1533 1499 2 1490 1535 1527 1634 2 1500 1347 1532 1473 2 1297 1644 1399 1923 2 1577 1382 1776 2037 2 1300 1292 1401 1484 2 1532 1876 1626 2032 2 1214 1652 1410 2039
Norway_009626.jpg,
Norway_008280.jpg,
Norway_010114.jpg,
Norway_009479.jpg,
Norway_009946.jpg,
Norway_010039.jpg,2 1400 1358 1594 2031 2 1448 1363 1486 1431 4 1347 1350 1521 1598 4 1232 1311 1602 2010 2 1208 1315 1252 1415 2 1433 1480 1501 1608 2 1660 1490 2102 2039 2 1291 1406 1328 1566 2 1370 1584 1429 1761 2 1496 1700 1573 2042 2 1372 1378 1501 1611
Norway_009970.jpg,
Norway_009803.jpg,
Norway_010191.jpg,
Norway_010164.jpg,
Norway_008659.jpg,
Norway_008326.jpg,2 1436 1373 1490 1530 1 1670 1440 1943 2031
Norway_008731.jpg,
Norway_008560.jpg,
Norway_010166.jpg,
Norway_009321.jpg,
Norway_009645.jpg,
Norway_008505.jpg,
Norway_008752.jpg,
Norway_009071.jpg,
Norway_010066.jpg,
Norway_009531.jpg,
Norway_008380.jpg,
Norway_008572.jpg,1 1429 1515 1543 1876
Norway_010008.jpg,
Norway_009269.jpg,
Norway_009613.jpg,
Norway_008308.jpg,2 1557 1318 1626 1457
Norway_009707.jpg,
Norway_010040.jpg,1 1785 1610 2265 2034
Norway_009741.jpg,
Norway_008803.jpg,
Norway_009776.jpg,2 503 1309 906 1588 2 1371 1350 1518 2038
Norway_009022.jpg,
Norway_008815.jpg,
Norway_009373.jpg,2 1491 1266 1585 1831 2 1642 1784 1731 2029 2 1500 1374 1574 1648 2 1525 1713 1593 1875 2 1511 1484 1651 1952 2 1503 1219 1543 1380 2 1510 1487 1570 1706 2 1658 1872 1718 2032 2 1521 1692 1567 1846 2 1513 1507 1581 1855
Norway_008414.jpg,
Norway_008596.jpg,
Norway_008233.jpg,
Norway_009847.jpg,
Norway_010025.jpg,
Norway_010084.jpg,
Norway_009461.jpg,
Norway_008313.jpg,
Norway_009153.jpg,
Norway_009215.jpg,
Norway_009716.jpg,
Norway_009336.jpg,
Norway_009448.jpg,
Norway_008516.jpg,
Norway_009880.jpg,1 1701 1667 1852 2011 1 2 1297 951 1988
Norway_009576.jpg,1 813 1687 1048 2029
Norway_008315.jpg,
Norway_008567.jpg,
Norway_009965.jpg,
Norway_009676.jpg,
Norway_009697.jpg,2 1202 1490 1257 1721
Norway_008209.jpg,
Norway_009181.jpg,
Norway_009698.jpg,
Norway_008924.jpg,
Norway_009840.jpg,
Norway_008964.jpg,
Norway_009624.jpg,2 1135 1793 1586 1930
Norway_009956.jpg,
Norway_008520.jpg,
Norway_009446.jpg,
Norway_010098.jpg,
Norway_008250.jpg,
Norway_009659.jpg,
Norway_009224.jpg,1 1728 1386 2163 1938 3 1231 1435 2143 1987 1 1243 1492 1774 1921
Norway_009800.jpg,1 1073 1279 1399 2041
Norway_008775.jpg,
Norway_008312.jpg,2 843 1436 1041 1668 2 894 1685 980 1859 2 927 1893 1013 2036 2 1425 1905 1489 2039
Norway_010167.jpg,
Norway_009355.jpg,
Norway_009768.jpg,
Norway_009806.jpg,
Norway_009176.jpg,
Norway_008344.jpg,2 1538 1658 1644 2037
Norway_009901.jpg,
Norway_008632.jpg,3 534 1433 1177 2037 3 1421 1476 1813 2022 1 1479 1509 1806 2023
Norway_008357.jpg,
Norway_009365.jpg,
Norway_008967.jpg,
Norway_009996.jpg,
Norway_009958.jpg,
Norway_009204.jpg,1 1716 1527 1838 1735
Norway_008523.jpg,2 1711 1335 2004 2032
Norway_009715.jpg,
Norway_009388.jpg,
Norway_008789.jpg,
Norway_009085.jpg,
Norway_009481.jpg,
Norway_009685.jpg,
Norway_009782.jpg,1 331 1364 880 2028
Norway_009463.jpg,
Norway_009706.jpg,
Norway_009936.jpg,
Norway_010042.jpg,
Norway_009883.jpg,2 1587 1566 1727 2032
Norway_008978.jpg,
Norway_009599.jpg,
Norway_008566.jpg,2 3182 1821 3996 1982
Norway_009684.jpg,3 1111 1885 2057 2002 2 1227 1193 1431 1339 2 973 1224 1379 1505 2 972 1303 1171 1511
Norway_008699.jpg,
Norway_009669.jpg,
Norway_009589.jpg,
Norway_009210.jpg,
Norway_009885.jpg,
Norway_008208.jpg,
Norway_008774.jpg,
Norway_009995.jpg,
Norway_008809.jpg,1 1793 1289 2738 2022
Norway_008975.jpg,
Norway_009423.jpg,
Norway_008249.jpg,2 1416 1285 1758 1550 2 886 1474 1008 1585 2 1326 1224 1434 1362 2 988 1321 1242 1701 2 879 1381 1086 1587 2 815 1609 1068 2037 2 1525 1351 1667 1488 2 835 1287 1272 2044 2 869 1279 1163 1600 2 1533 1342 1727 1559 2 1483 1554 1614 2039
Norway_009926.jpg,
Norway_009476.jpg,
Norway_008164.jpg,
Norway_009532.jpg,
Norway_008742.jpg,
Norway_009189.jpg,1 96 1473 785 2041
Norway_009830.jpg,
Norway_009658.jpg,
Norway_008770.jpg,
Norway_009348.jpg,
Norway_009326.jpg,
Norway_009819.jpg,1 1489 1747 1606 2021
Norway_009433.jpg,
Norway_008986.jpg,1 282 1469 727 2033
Norway_009417.jpg,2 703 1532 838 1681 2 173 1838 398 2017
Norway_008817.jpg,
Norway_008895.jpg,
Norway_008574.jpg,1 390 1484 865 2012
Norway_009006.jpg,2 357 1672 2042 1883
Norway_009505.jpg,
Norway_009588.jpg,
Norway_008539.jpg,
Norway_009558.jpg,
Norway_009442.jpg,1 1118 1711 1242 2033
Norway_009246.jpg,4 1394 1288 1706 2044 2 1441 1361 1510 1766 2 1449 1376 1540 2027
Norway_008290.jpg,
Norway_009299.jpg,
Norway_008778.jpg,1 1510 1207 2476 1998
Norway_008426.jpg,
Norway_008349.jpg,
Norway_009293.jpg,
Norway_009572.jpg,
Norway_009338.jpg,
Norway_009703.jpg,
Norway_009221.jpg,
Norway_010181.jpg,
Norway_009312.jpg,
Norway_009142.jpg,
Norway_008327.jpg,
Norway_008174.jpg,
Norway_008733.jpg,1 175 1499 966 2041
Norway_010112.jpg,
Norway_009304.jpg,
Norway_009313.jpg,
Norway_008919.jpg,
Norway_009784.jpg,
Norway_009664.jpg,
Norway_010096.jpg,
Norway_008708.jpg,
Norway_008161.jpg,3 1285 1389 1650 1449 2 1573 1396 1664 1684 2 1579 1443 1705 2016 2 1586 1310 1614 1407 2 1582 1487 1628 1624 2 1640 1638 1703 2026
Norway_010157.jpg,
Norway_009597.jpg,
Norway_009002.jpg,
Norway_009445.jpg,
Norway_009537.jpg,
Norway_008417.jpg,
Norway_009959.jpg,
Norway_008665.jpg,2 1597 1322 1677 1493
Norway_009791.jpg,
Norway_009772.jpg,
Norway_008615.jpg,
Norway_008533.jpg,1 333 1717 774 2023 1 852 1298 1291 1640 1 2039 1417 2683 1989 1 366 1276 1276 2021
Norway_008656.jpg,
Norway_008948.jpg,
Norway_009086.jpg,
Norway_008974.jpg,1 1298 1435 1742 2011 1 450 1458 967 2037 1 782 1668 928 2041 1 1523 1586 1730 2041
Norway_009093.jpg,
Norway_010100.jpg,
Norway_008620.jpg,
Norway_008465.jpg,2 1321 1195 1420 1537 2 454 1272 1134 2036
Norway_008220.jpg,2 992 1591 2176 1742 2 265 1561 2115 1777 2 0 1660 1049 1799
Norway_008939.jpg,
Norway_009412.jpg,
Norway_009822.jpg,
Norway_009603.jpg,
Norway_009811.jpg,
Norway_008763.jpg,
Norway_010180.jpg,
Norway_009604.jpg,
Norway_009273.jpg,
Norway_009308.jpg,
Norway_008847.jpg,
Norway_009278.jpg,
Norway_008876.jpg,
Norway_008419.jpg,
Norway_009402.jpg,
Norway_008458.jpg,1 1562 1331 2544 2012
Norway_010192.jpg,2 1579 1343 1678 1500
Norway_008525.jpg,
Norway_008599.jpg,
Norway_009340.jpg,
Norway_009421.jpg,
Norway_008758.jpg,
Norway_008806.jpg,
Norway_009129.jpg,1 58 1662 504 2025
Norway_008922.jpg,
Norway_009519.jpg,
Norway_008888.jpg,
Norway_009974.jpg,
Norway_010101.jpg,
Norway_009213.jpg,
Norway_008437.jpg,
Norway_009108.jpg,
Norway_009550.jpg,
Norway_008933.jpg,
Norway_009464.jpg,
Norway_009103.jpg,
Norway_010027.jpg,
Norway_009474.jpg,
Norway_008741.jpg,
Norway_008886.jpg,
Norway_010121.jpg,
Norway_008606.jpg,
Norway_008411.jpg,
Norway_009322.jpg,
Norway_008873.jpg,
Norway_008820.jpg,2 27 1640 834 1782 2 439 1690 1415 1832 2 22 1594 1311 1839
Norway_009162.jpg,
Norway_008780.jpg,
Norway_009289.jpg,
Norway_008736.jpg,
Norway_009141.jpg,
Norway_008946.jpg,
Norway_009683.jpg,
Norway_008203.jpg,
Norway_008748.jpg,
Norway_008162.jpg,
Norway_009427.jpg,
Norway_008561.jpg,
Norway_008526.jpg,1 3 1591 522 2031
Norway_010060.jpg,
Norway_009178.jpg,
Norway_010184.jpg,
Norway_010023.jpg,
Norway_008661.jpg,
Norway_009174.jpg,
Norway_008265.jpg,
Norway_009187.jpg,1 1428 1641 1544 2032 2 1443 1629 1534 2036
Norway_008451.jpg,
Norway_008626.jpg,
Norway_010147.jpg,
Norway_010076.jpg,
Norway_010079.jpg,
Norway_008624.jpg,
Norway_009383.jpg,2 1497 1221 1555 1334 2 1422 1373 1468 1528 2 1410 1164 1436 1248 2 1484 1301 1541 1388 2 1408 1373 1488 1749 2 1477 1249 1551 1398 2 1408 1377 1547 2044
Norway_009012.jpg,
Norway_009567.jpg,
Norway_009632.jpg,
Norway_008995.jpg,
Norway_009583.jpg,
Norway_009039.jpg,
Norway_009490.jpg,
Norway_009967.jpg,
Norway_008684.jpg,
Norway_008920.jpg,2 1671 1521 1759 2013
Norway_009337.jpg,1 798 1329 992 1685
Norway_009381.jpg,
Norway_008439.jpg,
Norway_010132.jpg,1 1 1257 737 2004
Norway_008402.jpg,
Norway_008793.jpg,
Norway_008945.jpg,
Norway_008877.jpg,
Norway_008329.jpg,
Norway_009972.jpg,4 1198 1371 1499 2020 2 1766 1789 1823 2031
Norway_008305.jpg,
Norway_009493.jpg,
Norway_009873.jpg,2 1673 1684 1761 2035 2 1702 1621 1807 1758
Norway_009112.jpg,1 1555 1257 2695 2023
Norway_008706.jpg,
Norway_009726.jpg,
Norway_009074.jpg,
Norway_009462.jpg,2 1450 1709 1573 2035
Norway_008449.jpg,
Norway_008862.jpg,
Norway_008400.jpg,
Norway_009051.jpg,
Norway_009952.jpg,
Norway_008622.jpg,
Norway_009003.jpg,1 1820 1458 2722 2035
Norway_008473.jpg,
Norway_008492.jpg,
Norway_008790.jpg,1 1809 1471 2320 2033
Norway_008321.jpg,
Norway_010134.jpg,
Norway_009180.jpg,2 1150 1782 1810 1962
Norway_009109.jpg,1 9 1304 739 1996
Norway_008825.jpg,1 259 1292 868 2002
Norway_009473.jpg,
Norway_009054.jpg,1 1582 1307 2387 2011
Norway_008202.jpg,
Norway_008322.jpg,
Norway_008927.jpg,
Norway_009228.jpg,
Norway_009747.jpg,
Norway_009379.jpg,
Norway_009844.jpg,
Norway_009295.jpg,
Norway_008548.jpg,2 792 1637 1111 2030 2 1409 1399 1456 1507 2 1408 1409 1486 1563 2 1459 1330 1522 1407 2 1401 1389 1614 1708 2 1574 1592 1745 2043 2 383 1376 892 1772 2 795 1393 1232 2035 2 1420 1387 1764 2031
Norway_008625.jpg,4 1430 1348 1875 2032 2 947 1339 1205 1606 2 301 1767 577 2020 2 1503 1366 1571 1711
Norway_008478.jpg,
Norway_008361.jpg,
Norway_008867.jpg,
Norway_009251.jpg,
Norway_009712.jpg,1 1525 1482 1741 1852 2 1515 1472 1731 1846
Norway_009488.jpg,
Norway_008554.jpg,
Norway_008396.jpg,2 3474 1442 4039 1574 1 1231 1737 1425 2024 1 1120 1521 1435 2023
Norway_008463.jpg,
Norway_008406.jpg,
Norway_010050.jpg,
Norway_009237.jpg,
Norway_010003.jpg,1 1900 1510 2271 1832 1 1897 1506 2122 1736
Norway_009964.jpg,
Norway_008944.jpg,1 1341 1413 1581 2020
Norway_008860.jpg,2 652 1675 942 2017
Norway_009631.jpg,
Norway_009020.jpg,
Norway_009818.jpg,
Norway_009384.jpg,
Norway_009994.jpg,2 26 1610 274 1767 1 1322 1376 1835 1766 3 1072 1422 1572 2021 1 1088 1430 1529 2022
Norway_008992.jpg,
Norway_008973.jpg,3 334 1413 972 2041 1 339 1324 1030 2040 1 1348 1466 1408 1628
Norway_008764.jpg,1 291 1413 965 1977
Norway_008415.jpg,
Norway_010059.jpg,4 1449 1388 1785 2025
Norway_008829.jpg,
Norway_009362.jpg,
Norway_008342.jpg,2 2027 1506 2525 2013
Norway_009606.jpg,
Norway_008947.jpg,3 2330 501 3640 884
Norway_009734.jpg,
Norway_010036.jpg,1 170 1493 736 2017
Norway_008219.jpg,
Norway_008767.jpg,
Norway_009267.jpg,3 1221 1364 1759 2018 2 1607 1196 1710 1422 2 1615 1231 1666 1306 2 1651 1332 1770 1503
Norway_009729.jpg,
Norway_008464.jpg,2 1765 1507 1834 1854 4 961 1366 2082 2044 2 1784 1512 1829 1652
Norway_009376.jpg,4 1670 1423 2077 2010
Norway_009634.jpg,
Norway_008295.jpg,
Norway_009745.jpg,1 1266 1345 1419 1641
Norway_009498.jpg,
Norway_008655.jpg,
Norway_009687.jpg,
Norway_009277.jpg,
Norway_008707.jpg,1 16 1725 542 2039 1 672 1473 1070 1792
Norway_008826.jpg,
Norway_009805.jpg,2 636 1824 794 2026
Norway_009258.jpg,
Norway_009318.jpg,
Norway_009816.jpg,
Norway_008801.jpg,2 694 1421 1023 1709 2 1088 1450 1363 1960
Norway_009089.jpg,
Norway_009989.jpg,
Norway_009451.jpg,
Norway_009131.jpg,
Norway_009159.jpg,
Norway_008325.jpg,
Norway_010128.jpg,2 1393 1156 1488 1409 2 1403 1336 1479 1484 2 1684 1737 1807 2010 2 1454 1801 1497 1909 2 730 1637 900 1830 2 1660 1957 1705 2037 2 1541 1762 1624 2039 2 1704 1872 1835 2038 2 1399 1467 1471 1584 2 1791 1793 1885 2021 4 1333 1444 1654 2018 5 1394 1433 1477 1567 2 1377 1588 1486 1879 2 488 1449 872 1771 4 1456 1535 1914 2040 2 1413 1279 1488 1423 2 1371 1583 1452 1771 2 1513 1570 1630 1989 4 1231 1363 1848 2044 2 1289 1758 1386 2037
Norway_009999.jpg,1 7 1286 840 1968
Norway_008649.jpg,
Norway_009831.jpg,
Norway_008501.jpg,
Norway_009171.jpg,
Norway_009938.jpg,
Norway_009795.jpg,
Norway_010103.jpg,3 1447 1346 2203 2025
Norway_009466.jpg,
Norway_010144.jpg,
Norway_009256.jpg,
Norway_010062.jpg,2 1639 1381 1713 1542
Norway_009294.jpg,
Norway_008838.jpg,
Norway_010193.jpg,1 1342 1560 1812 2025
Norway_009317.jpg,
Norway_009375.jpg,
Norway_009551.jpg,
Norway_008907.jpg,
Norway_009581.jpg,
Norway_009878.jpg,2 1225 1833 1298 2029
Norway_008345.jpg,1 2533 1673 3104 2034
Norway_008522.jpg,
Norway_009113.jpg,
Norway_009276.jpg,
Norway_009858.jpg,
Norway_008597.jpg,1 595 1275 1152 1801 1 1538 1704 1692 2034 1 1506 1503 1923 2027
Norway_010041.jpg,
Norway_009166.jpg,
Norway_008962.jpg,
Norway_008544.jpg,
Norway_008542.jpg,2 1137 1476 1231 1647 2 852 1832 938 2037
Norway_010056.jpg,
Norway_009679.jpg,
Norway_009399.jpg,
Norway_009530.jpg,4 1409 1707 1662 2032 2 1491 1311 1526 1365 2 1570 1905 1664 2039 2 1411 1705 1639 2027 2 1455 1148 1512 1352
Norway_009358.jpg,1 1527 1513 1687 2039 3 1261 1378 1748 2026
Norway_008619.jpg,2 1600 1563 1713 2028
Norway_009773.jpg,
Norway_009696.jpg,
Norway_008880.jpg,1 992 1283 1089 1476
Norway_010176.jpg,2 448 1458 897 1888 1 9 1662 324 2024
Norway_008662.jpg,
Norway_009469.jpg,
Norway_009515.jpg,2 564 1378 810 1574
Norway_008189.jpg,
Norway_009133.jpg,
Norway_009045.jpg,1 1580 1418 1722 1782
Norway_009947.jpg,
Norway_008293.jpg,2 783 1550 845 1632 2 1349 1301 1407 1513 2 1417 1226 1458 1313 2 539 1928 656 2042 2 743 1540 854 1683 2 785 1624 872 1746 2 1325 1933 1399 2033 4 1225 1383 1741 1996
Norway_008332.jpg,
Norway_008999.jpg,1 623 1335 943 1682
Norway_008636.jpg,4 1323 1419 1771 2039
Norway_008247.jpg,
Norway_009849.jpg,
Norway_009016.jpg,
Norway_009549.jpg,
Norway_009868.jpg,
Norway_008694.jpg,1 1840 1366 2572 2017
Norway_009686.jpg,
Norway_009403.jpg,
Norway_008868.jpg,
Norway_009374.jpg,1 1513 1390 1772 2031
Norway_010058.jpg,
Norway_009241.jpg,
Norway_008721.jpg,
Norway_008910.jpg,1 507 1414 1076 2009
Norway_009561.jpg,2 1458 1235 1487 1320 2 1342 1283 1511 1522 2 1630 1397 1764 1737 2 1737 1649 1885 2044 2 1343 1253 1433 1497 2 1051 1320 1240 1608 2 1617 1390 1886 2044
Norway_010168.jpg,
Norway_009663.jpg,
Norway_008385.jpg,
Norway_008462.jpg,2 1345 1482 1447 1982 2 1316 1170 1405 1566 4 1253 1184 1511 2016 2 1315 1183 1453 2036
Norway_010048.jpg,
Norway_009702.jpg,
Norway_009896.jpg,
Norway_008855.jpg,2 1199 1349 1289 1537
Norway_010156.jpg,
Norway_008980.jpg,1 1443 1291 2249 2023
Norway_008320.jpg,2 0 1761 387 1859
Norway_009821.jpg,2 1997 1890 2068 2036
Norway_009004.jpg,2 1570 1779 1624 2021 2 1317 1393 1404 1527 2 1452 1163 1493 1353 2 1185 1409 1407 1770 4 1237 1318 1897 1964 2 1685 1594 1904 2021 2 1023 1677 1125 2027
Norway_009252.jpg,
Norway_008529.jpg,3 512 1343 979 2018 1 542 1365 963 2015
Norway_009717.jpg,
Norway_008420.jpg,1 1151 1240 1334 1590
Norway_008589.jpg,
Norway_009360.jpg,
Norway_008576.jpg,
Norway_009897.jpg,
Norway_008500.jpg,
Norway_008772.jpg,
Norway_009432.jpg,
Norway_008719.jpg,
Norway_009068.jpg,
Norway_009875.jpg,
Norway_010077.jpg,
Norway_008917.jpg,
Norway_008864.jpg,
Norway_008386.jpg,
Norway_009067.jpg,
Norway_009904.jpg,
Norway_008569.jpg,
Norway_008830.jpg,
Norway_009333.jpg,
Norway_008955.jpg,
Norway_008557.jpg,
Norway_008590.jpg,1 1230 1399 1435 2023
Norway_008257.jpg,
Norway_009509.jpg,2 1458 1361 1631 2030 2 1465 1425 1519 1578 2 1493 1663 1632 2038
Norway_010083.jpg,
Norway_009034.jpg,
Norway_009352.jpg,
Norway_008796.jpg,
Norway_008489.jpg,2 633 1268 1109 2024
Norway_008682.jpg,
Norway_009279.jpg,
Norway_010199.jpg,
Norway_009207.jpg,
Norway_009975.jpg,
Norway_008949.jpg,2 939 1162 1022 1299 2 334 1290 1078 2012
Norway_009292.jpg,4 1430 1516 2044 2044
Norway_008977.jpg,
Norway_009867.jpg,
Norway_009231.jpg,
Norway_008507.jpg,
Norway_008165.jpg,
Norway_008358.jpg,3 1164 1283 1695 2031
Norway_008849.jpg,
Norway_008410.jpg,
Norway_009957.jpg,
Norway_008723.jpg,
Norway_009714.jpg,
Norway_010142.jpg,
Norway_008193.jpg,
Norway_009997.jpg,
Norway_009527.jpg,
Norway_010152.jpg,
Norway_010129.jpg,
Norway_009347.jpg,
Norway_008874.jpg,
Norway_009298.jpg,2 1668 1389 2034 2040
Norway_010067.jpg,
Norway_009646.jpg,
Norway_008712.jpg,
Norway_009262.jpg,
Norway_009175.jpg,4 1348 1390 1761 1985
Norway_009331.jpg,
Norway_009341.jpg,
Norway_008509.jpg,
Norway_009575.jpg,
Norway_008887.jpg,
Norway_008269.jpg,
Norway_008595.jpg,
Norway_009444.jpg,1 0 1358 600 1985
Norway_010061.jpg,1 548 1578 932 2044
Norway_008432.jpg,
Norway_009172.jpg,
Norway_009146.jpg,2 1490 1469 1555 1889 2 1474 1230 1563 1968
Norway_008564.jpg,
Norway_008467.jpg,
Norway_009061.jpg,
Norway_009939.jpg,
Norway_009307.jpg,
Norway_010080.jpg,
Norway_008258.jpg,
Norway_009409.jpg,
Norway_009570.jpg,
Norway_008588.jpg,2 598 1262 903 1467 2 907 1303 1034 1454
Norway_009244.jpg,
Norway_008639.jpg,
Norway_009536.jpg,
Norway_009101.jpg,
Norway_009799.jpg,
Norway_008376.jpg,
Norway_008687.jpg,
Norway_009851.jpg,2 1731 1542 1763 1671 2 1558 1160 1615 1293 2 1633 1363 1681 1544 2 1737 1537 1865 2022
Norway_009163.jpg,
Norway_008603.jpg,2 1490 1517 1527 1614 2 1499 1409 1533 1529 2 1479 1387 1541 1620
Norway_009390.jpg,
Norway_009643.jpg,1 2772 1766 3015 2028
Norway_009654.jpg,
Norway_009963.jpg,4 1406 1339 1803 1974
Norway_009021.jpg,2 1571 1272 1671 1441 2 1687 1874 1758 2033 2 1786 1626 1831 1734 2 1625 1358 1671 1454 2 1593 1663 1656 1891 2 1504 1303 1593 1700 2 1529 1616 1572 1711 2 1051 1298 1161 1417 2 666 1224 1200 1849 2 1698 1510 1769 1735 2 655 1440 1035 1850 4 1470 1340 1821 2036
Norway_008937.jpg,
Norway_009378.jpg,
Norway_009769.jpg,2 1008 1297 1148 1443
Norway_008262.jpg,
Norway_008282.jpg,
Norway_008210.jpg,
Norway_010055.jpg,
Norway_008773.jpg,
Norway_009154.jpg,
Norway_009616.jpg,2 1539 1825 1695 1992
Norway_008709.jpg,
Norway_009709.jpg,
Norway_009209.jpg,
Norway_008401.jpg,
Norway_008472.jpg,2 1498 1409 1555 1509 2 1553 1346 1612 1429 2 1307 1192 1378 1611 2 1273 1272 1396 1834 2 1316 1175 1352 1357 2 1500 1410 1577 1598 4 1462 1349 1795 2036 2 158 1663 469 1993 2 1235 1413 1393 2041 2 1577 1605 1688 2032
Norway_009893.jpg,
Norway_010188.jpg,1 266 1391 817 2020
Norway_009578.jpg,
Norway_009015.jpg,
Norway_009842.jpg,2 1674 1423 1776 1664 2 1540 1320 1625 1439 2 1542 1287 1775 1658 2 1564 1787 1806 2006
Norway_008369.jpg,
Norway_008808.jpg,2 1266 1166 1440 1360 3 1522 1785 1733 1850 2 1607 1150 1713 1584 4 1537 1546 1811 2039 2 1295 1144 1456 1269 2 1656 1530 1774 2029 2 1701 1731 1773 2033 2 1802 1701 1862 1843 2 1758 1594 1858 1850 2 1272 1259 1377 1359 4 1434 1311 1948 2029
Norway_008350.jpg,
Norway_009351.jpg,
Norway_008378.jpg,
Norway_010097.jpg,
Norway_008480.jpg,
Norway_008254.jpg,
Norway_009087.jpg,1 1678 1647 1840 2014
Norway_008494.jpg,
Norway_009511.jpg,4 1490 1329 1833 1993
Norway_008546.jpg,
Norway_009053.jpg,
Norway_009102.jpg,
Norway_008744.jpg,1 229 1493 704 2023
Norway_009008.jpg,
Norway_009139.jpg,
Norway_008681.jpg,
Norway_009981.jpg,
Norway_009665.jpg,
Norway_008387.jpg,3 862 1474 1815 1603 2 1435 1513 1673 2038 2 1436 1119 1478 1323 2 1442 1214 1477 1315 2 1590 1531 1661 1802 2 1454 1792 1571 2033
Norway_010120.jpg,
Norway_008287.jpg,
Norway_008461.jpg,
Norway_009827.jpg,
Norway_009152.jpg,2 1697 1656 1893 2040
Norway_009794.jpg,
Norway_010001.jpg,
Norway_008965.jpg,
Norway_008527.jpg,
Norway_008212.jpg,1 233 1808 536 2027
Norway_008408.jpg,
Norway_008391.jpg,
Norway_010069.jpg,
Norway_010002.jpg,
Norway_009199.jpg,4 515 1380 1593 1966 2 1588 1443 1637 1634 2 759 1558 878 1695 2 1829 1704 1895 1844 4 1444 1397 1996 2044 4 719 1326 2072 2044 2 442 1544 897 2034
Norway_009097.jpg,
Norway_008177.jpg,
Norway_008997.jpg,
Norway_008991.jpg,
Norway_009186.jpg,
Norway_008502.jpg,
Norway_009871.jpg,
Norway_008418.jpg,1 1519 1339 2280 2033
Norway_010005.jpg,
Norway_009953.jpg,
Norway_009264.jpg,
Norway_009000.jpg,2 845 1545 931 1637 2 1399 1513 1513 1922 3 1413 1811 1800 2033 2 1543 1381 1654 1544
Norway_008580.jpg,2 458 1311 1096 1894 2 1367 1511 1435 1761 2 1384 1528 1427 1691
Norway_009801.jpg,2 1483 1881 1574 2027 2 1674 1868 1719 2027 2 1503 1361 1597 1721 2 1657 1778 1725 2035 4 1363 1311 1786 2031 2 1412 1715 1473 1986
Norway_008674.jpg,
Norway_008822.jpg,2 1619 1363 2043 2014 2 1420 1748 1481 1859
Norway_009640.jpg,
Norway_008640.jpg,
Norway_009890.jpg,2 1403 1580 1466 2036 2 1377 1376 1475 2031 4 1309 1298 1949 2000
Norway_008762.jpg,
Norway_008983.jpg,
Norway_008317.jpg,
Norway_008836.jpg,
Norway_009678.jpg,
Norway_009754.jpg,
Norway_008184.jpg,
Norway_008235.jpg,
Norway_008266.jpg,
Norway_008483.jpg,
Norway_009143.jpg,1 588 1282 814 1444
Norway_009621.jpg,
Norway_009899.jpg,2 0 1497 745 1633
Norway_009037.jpg,
Norway_008244.jpg,2 117 1509 1622 1755
Norway_009690.jpg,
Norway_009743.jpg,
Norway_009435.jpg,
Norway_008958.jpg,
Norway_009182.jpg,
Norway_010075.jpg,
Norway_009496.jpg,2 97 1762 1081 2018
Norway_008932.jpg,
Norway_009591.jpg,
Norway_009612.jpg,
Norway_008746.jpg,
Norway_008726.jpg,
Norway_009595.jpg,
Norway_008268.jpg,
Norway_008621.jpg,
Norway_008436.jpg,
Norway_010037.jpg,2 1422 1689 1490 1812
Norway_009854.jpg,
Norway_009542.jpg,
Norway_008671.jpg,
Norway_008616.jpg,
Norway_008579.jpg,
Norway_009884.jpg,
Norway_009804.jpg,
Norway_008728.jpg,
Norway_009287.jpg,
Norway_009013.jpg,
Norway_009923.jpg,
Norway_008343.jpg,
Norway_009962.jpg,
Norway_008972.jpg,
Norway_008614.jpg,
Norway_008487.jpg,2 1441 1547 1647 1750 2 1505 1293 1596 1479 2 1502 1293 1556 1444 2 1425 1792 1511 2041
Norway_009270.jpg,1 370 1348 909 2009
Norway_009900.jpg,
Norway_009323.jpg,2 1709 1621 1937 2022
Norway_008769.jpg,
Norway_009930.jpg,2 780 1301 991 1448 2 1755 1568 1907 1896
Norway_008333.jpg,
Norway_008412.jpg,
Norway_009436.jpg,
Norway_008359.jpg,
Norway_009425.jpg,3 1536 1671 1998 1773 2 1546 1668 1574 1762 2 1421 1515 1514 2044 2 1413 1822 1488 2041
Norway_009738.jpg,1 1577 1446 1657 1730
Norway_009283.jpg,
Norway_009275.jpg,
Norway_009043.jpg,
Norway_010186.jpg,
Norway_010107.jpg,2 12 1636 538 2043
Norway_008284.jpg,
Norway_009832.jpg,
Norway_008353.jpg,
Norway_008304.jpg,1 147 1433 775 2020
Norway_009062.jpg,
Norway_009291.jpg,
Norway_008913.jpg,4 1710 1298 2200 1961 3 1676 1345 2543 2043
Norway_009380.jpg,2 727 1621 826 1718
Norway_009484.jpg,1 1630 1874 1727 2034
Norway_009889.jpg,
Norway_009188.jpg,
Norway_009711.jpg,
Norway_009833.jpg,
Norway_008416.jpg,
Norway_009019.jpg,
Norway_009263.jpg,
Norway_009392.jpg,
Norway_010174.jpg,
Norway_009195.jpg,
Norway_009825.jpg,
Norway_009214.jpg,
Norway_008891.jpg,
Norway_009688.jpg,
Norway_008739.jpg,
Norway_008540.jpg,1 1604 1493 1690 1755 1 1580 1439 1858 2019
Norway_009005.jpg,
Norway_009521.jpg,
Norway_008666.jpg,
Norway_008711.jpg,5 1315 1455 1411 1512 2 1146 1221 1216 1316
Norway_009882.jpg,
Norway_008710.jpg,
Norway_010143.jpg,1 7 1417 638 1953
Norway_009540.jpg,
Norway_009921.jpg,
Norway_009394.jpg,1 1482 1201 2463 2027
Norway_009872.jpg,
Norway_008627.jpg,1 72 1428 705 2025
Norway_009662.jpg,
Norway_009439.jpg,2 565 1634 860 1985 2 565 1338 1098 1969 2 1263 1160 1358 1325 2 1326 1376 1427 2039 2 1070 1714 1174 2041
Norway_008255.jpg,
Norway_009011.jpg,
Norway_009082.jpg,1 357 1621 642 2015
Norway_008551.jpg,
Norway_008517.jpg,2 1191 1482 1337 1952
Norway_009478.jpg,
Norway_009657.jpg,
Norway_008984.jpg,
Norway_009468.jpg,
Norway_010038.jpg,
Norway_010178.jpg,
Norway_008629.jpg,
Norway_009759.jpg,
Norway_009310.jpg,
Norway_010018.jpg,
Norway_008738.jpg,
Norway_008600.jpg,1 1523 1230 2530 2020
Norway_008688.jpg,2 3215 908 3380 1096
Norway_009268.jpg,2 991 1890 1110 2033
Norway_009450.jpg,
Norway_008240.jpg,1 2804 1720 3372 2037
Norway_008686.jpg,2 432 1641 820 2034
Norway_008861.jpg,
Norway_009523.jpg,
Norway_010092.jpg,
Norway_008341.jpg,
Norway_008536.jpg,
Norway_008296.jpg,
Norway_009622.jpg,
Norway_009370.jpg,
Norway_008267.jpg,
Norway_010105.jpg,
Norway_008217.jpg,1 744 1292 1105 2023
Norway_009793.jpg,
Norway_008481.jpg,
Norway_008898.jpg,
Norway_009746.jpg,1 1132 1354 1276 1812
Norway_008371.jpg,1 0 1378 543 1966
Norway_009864.jpg,
Norway_008611.jpg,
Norway_008795.jpg,
Norway_009862.jpg,
Norway_009834.jpg,1 1424 1403 1577 2010
Norway_009983.jpg,
Norway_008771.jpg,
Norway_008578.jpg,
Norway_009239.jpg,2 598 1614 968 2024
Norway_009614.jpg,
Norway_009667.jpg,1 271 1680 568 2024 1 1796 1475 2418 2027
Norway_010016.jpg,
Norway_009094.jpg,
Norway_009750.jpg,
Norway_008179.jpg,
Norway_008698.jpg,
Norway_010146.jpg,
Norway_009420.jpg,4 1306 1398 1623 2015 2 1315 1518 1554 2025 2 1319 1727 1402 2028
Norway_009911.jpg,
Norway_008858.jpg,
Norway_008963.jpg,
Norway_008743.jpg,
Norway_009809.jpg,
Norway_009987.jpg,
Norway_008524.jpg,1 1429 1348 1821 2002
Norway_010153.jpg,1 1679 1597 1867 2039 1 1609 1392 1840 2030
Norway_008928.jpg,
Norway_008271.jpg,2 1482 1881 1530 2029 2 1456 1765 1533 2036 4 1288 1425 1765 2011
Norway_010126.jpg,
Norway_008761.jpg,
Norway_009548.jpg,3 0 97 881 994 2 1414 1770 1486 2031 2 1485 1207 1539 1329
Norway_009151.jpg,1 896 1544 1455 2041
Norway_009590.jpg,
Norway_008634.jpg,
Norway_008466.jpg,
Norway_008745.jpg,
Norway_008703.jpg,
Norway_009876.jpg,1 1401 1616 1572 2037
Norway_008491.jpg,
Norway_008894.jpg,
Norway_009879.jpg,2 9 1227 1101 1976
Norway_008172.jpg,1 1017 1481 1327 2014
Norway_008399.jpg,
Norway_008670.jpg,
Norway_008981.jpg,
Norway_008784.jpg,
Norway_008214.jpg,
Norway_009014.jpg,2 429 1444 996 2041
Norway_008549.jpg,
Norway_009368.jpg,
Norway_009437.jpg,
Norway_008802.jpg,
Norway_008196.jpg,
Norway_010086.jpg,
Norway_009238.jpg,
Norway_008677.jpg,2 703 1751 806 2032
Norway_009857.jpg,
Norway_009869.jpg,
Norway_009518.jpg,
Norway_009593.jpg,2 1045 1342 1078 1436
Norway_009076.jpg,
Norway_009266.jpg,
Norway_008605.jpg,
Norway_008635.jpg,
Norway_009325.jpg,
Norway_009905.jpg,
Norway_008422.jpg,1 1626 1354 2539 2007
Norway_009117.jpg,1 1518 1224 2645 2007
Norway_008521.jpg,
Norway_008168.jpg,
Norway_009173.jpg,
Norway_009111.jpg,1 591 1812 806 2037
Norway_008435.jpg,
Norway_008373.jpg,
Norway_009192.jpg,1 1547 1360 1974 2024
Norway_009208.jpg,4 1597 1328 2009 2005
Norway_009635.jpg,
Norway_009458.jpg,
Norway_009233.jpg,
Norway_009748.jpg,
Norway_009704.jpg,
Norway_009047.jpg,1 1560 1323 2317 1988
Norway_009563.jpg,
Norway_008330.jpg,
Norway_008722.jpg,
Norway_008854.jpg,
Norway_008195.jpg,3 62 1510 1275 2044
Norway_009845.jpg,
Norway_010024.jpg,1 350 1368 834 2015
Norway_008348.jpg,
Norway_008178.jpg,
Norway_008314.jpg,2 476 1774 672 2010 2 899 1363 1077 1491 2 1517 1642 1600 1892 2 341 1651 713 2016
Norway_009455.jpg,2 1543 1563 1699 2028
Norway_008213.jpg,
Norway_008455.jpg,1 1183 1458 1381 1919 1 492 1408 1131 2038 1 1019 1464 1381 2041
Norway_008644.jpg,
Norway_009580.jpg,
Norway_009240.jpg,
Norway_009092.jpg,
Norway_009115.jpg,
Norway_009945.jpg,
Norway_009229.jpg,
Norway_010110.jpg,
Norway_008675.jpg,
Norway_008637.jpg,
Norway_009503.jpg,
Norway_009122.jpg,
Norway_008306.jpg,
Norway_008482.jpg,
Norway_009510.jpg,
Norway_008550.jpg,
Norway_008651.jpg,2 1434 1554 1494 1625 2 1451 1404 1515 1532 4 1402 1457 1667 1737 4 1447 1611 1664 2042 2 1497 1342 1577 1440 2 1451 1706 1489 1778 2 1429 1551 1577 1691 2 1478 1222 1572 1377 2 1463 1459 1512 1539 2 1456 1658 1633 2026 2 1598 1681 1650 1775 2 1473 1579 1556 1702 4 1392 1349 1731 1990 2 1418 1427 1547 1666 2 1584 1535 1619 1621 2 1512 1733 1603 2039
Norway_008428.jpg,2 1550 1939 1593 2033 2 1419 1732 1488 1921 2 1377 1897 1427 2026 2 1754 1933 1800 2027 2 1404 1612 1496 1929 2 1543 1815 1580 1913 2 1712 1720 1809 2029 2 1530 1786 1610 2039 4 1369 1596 1856 2015 2 1726 1711 1763 1811 2 1744 1858 1804 2031 2 1411 1608 1470 1757 2 1625 1560 1665 1648
Norway_008630.jpg,1 2472 1637 3118 2040
Norway_008673.jpg,
Norway_009156.jpg,
Norway_008303.jpg,
Norway_009928.jpg,
Norway_009110.jpg,
Norway_008598.jpg,
Norway_008302.jpg,
Norway_009639.jpg,
Norway_009243.jpg,
Norway_009059.jpg,2 955 1237 1384 2014 1 1600 1469 1722 1714 1 0 1470 645 2027
Norway_008882.jpg,2 880 1349 994 1455
Norway_009191.jpg,
Norway_009128.jpg,
Norway_009017.jpg,
Norway_009157.jpg,
Norway_009217.jpg,
Norway_009836.jpg,
Norway_008242.jpg,4 403 1382 1161 2035
Norway_008908.jpg,
Norway_008844.jpg,
Norway_009619.jpg,
Norway_009426.jpg,
Norway_008831.jpg,
Norway_009009.jpg,
Norway_009976.jpg,1 185 1309 886 1972
Norway_008593.jpg,
Norway_009932.jpg,1 823 1516 960 1693 2 820 1516 950 1721
Norway_008498.jpg,
Norway_008377.jpg,
Norway_009931.jpg,
Norway_009514.jpg,
Norway_009903.jpg,
Norway_009850.jpg,
Norway_009364.jpg,
Norway_009024.jpg,1 1792 1472 2403 2013
Norway_009135.jpg,
Norway_010010.jpg,
Norway_009973.jpg,
Norway_009170.jpg,
Norway_009396.jpg,
Norway_010012.jpg,
Norway_009198.jpg,
Norway_009623.jpg,
Norway_009028.jpg,2 1648 1305 2170 2036
Norway_009728.jpg,2 1439 1318 1483 1413
Norway_008696.jpg,1 800 1584 1079 2031 2 1542 1387 1675 2038 2 1198 1380 1338 1659
Norway_010004.jpg,2 1354 1404 1502 2021 2 1416 1476 1489 1891 2 1082 1389 1117 1500 4 1145 1320 1527 2036
Norway_008453.jpg,
